subset,defense,rule,malicious_blocks,non_malicious_blocks,total_blocks,precision_like_ratio
broader,context-aware,PAYLOAD_SCOPE_MISMATCH,0,0,0,
broader,context-aware,UNTRUSTED_PAYLOAD_PROPAGATION_DENY,0,0,0,
broader,context-aware,PARAMETER_INTENT_MISMATCH,0,0,0,
broader,context-aware,UNTRUSTED_PARAMETER_OVERRIDE_DENY,0,0,0,
broader,context-aware,UNTRUSTED_SCOPE_EXPANSION_DENY,0,0,0,
broader,full,PAYLOAD_SCOPE_MISMATCH,0,0,0,
broader,full,UNTRUSTED_PAYLOAD_PROPAGATION_DENY,0,0,0,
broader,full,PARAMETER_INTENT_MISMATCH,0,0,0,
broader,full,UNTRUSTED_PARAMETER_OVERRIDE_DENY,0,0,0,
broader,full,UNTRUSTED_SCOPE_EXPANSION_DENY,7,24,31,0.22580645161290322
broader,refined-full,PAYLOAD_SCOPE_MISMATCH,4,10,14,0.2857142857142857
broader,refined-full,UNTRUSTED_PAYLOAD_PROPAGATION_DENY,4,10,14,0.2857142857142857
broader,refined-full,PARAMETER_INTENT_MISMATCH,6,20,26,0.23076923076923078
broader,refined-full,UNTRUSTED_PARAMETER_OVERRIDE_DENY,6,17,23,0.2608695652173913
broader,refined-full,UNTRUSTED_SCOPE_EXPANSION_DENY,7,24,31,0.22580645161290322
