provider,model,evaluation_mode,defense,asr,asr_std,fpr,operational_fpr,benign_completion,exfiltration_detection,post_goal_block_rate,tokens,latency_ms,asr_relative_reduction_baseline_to_full,fpr_change_baseline_to_full,benign_completion_change_baseline_to_full
ollama,llama3.1,end_to_end,baseline,0.3333333333333333,0.0,0.0,0.0,0.8333333333333334,0.0,0.0,86834.0,3148.0119916680756,1.0,0.5,-0.5
ollama,llama3.1,end_to_end,context-aware,0.16666666666666666,0.0,0.6666666666666666,0.16666666666666666,0.16666666666666666,0.3333333333333333,0.0,84328.0,2938.517366665716,1.0,0.5,-0.5
ollama,llama3.1,end_to_end,full,0.0,0.0,0.5,0.0,0.3333333333333333,0.5,0.5833333333333334,62619.0,2432.1096999980605,1.0,0.5,-0.5
ollama,llama3.1,controlled,baseline,0.3333333333333333,0.0,0.0,0.0,0.8333333333333334,0.0,0.0,0.0,0.1174166670049696,1.0,0.6666666666666666,-0.5
ollama,llama3.1,controlled,context-aware,0.16666666666666666,0.0,0.6666666666666666,0.16666666666666666,0.16666666666666666,0.3333333333333333,0.0,0.0,1.9486416689081427,1.0,0.6666666666666666,-0.5
ollama,llama3.1,controlled,full,0.0,0.0,0.6666666666666666,0.0,0.3333333333333333,0.3333333333333333,0.4166666666666667,0.0,1.8954916631628294,1.0,0.6666666666666666,-0.5
ollama,qwen2.5:7b,end_to_end,baseline,0.5,0.0,0.0,0.0,1.0,0.0,0.0,91263.0,4481.172258336301,1.0,0.6666666666666666,-0.5
ollama,qwen2.5:7b,end_to_end,context-aware,0.0,0.0,0.8333333333333334,0.16666666666666666,0.3333333333333333,0.5,0.0,94130.0,4478.893058332081,1.0,0.6666666666666666,-0.5
ollama,qwen2.5:7b,end_to_end,full,0.0,0.0,0.6666666666666666,0.0,0.5,0.5,0.5,69743.0,3633.775283331488,1.0,0.6666666666666666,-0.5
ollama,qwen2.5:7b,controlled,baseline,0.5,0.0,0.0,0.0,1.0,0.0,0.0,0.0,0.10622500121826306,1.0,0.6666666666666666,-0.5
ollama,qwen2.5:7b,controlled,context-aware,0.0,0.0,0.8333333333333334,0.16666666666666666,0.3333333333333333,0.5,0.0,0.0,2.1169583366524116,1.0,0.6666666666666666,-0.5
ollama,qwen2.5:7b,controlled,full,0.0,0.0,0.6666666666666666,0.0,0.5,0.5,0.4166666666666667,0.0,1.9769333315101296,1.0,0.6666666666666666,-0.5
ollama,mistral-nemo,end_to_end,baseline,0.5,0.0,0.0,0.0,0.6666666666666666,0.0,0.0,79658.0,10298.115683332677,1.0,1.0,-0.3333333333333333
ollama,mistral-nemo,end_to_end,context-aware,0.0,0.0,1.0,0.16666666666666666,0.16666666666666666,0.5,0.0,87699.0,10103.135508332343,1.0,1.0,-0.3333333333333333
ollama,mistral-nemo,end_to_end,full,0.0,0.0,1.0,0.0,0.3333333333333333,0.5,1.0,67353.0,8402.551050002026,1.0,1.0,-0.3333333333333333
ollama,mistral-nemo,controlled,baseline,0.5,0.0,0.0,0.0,0.6666666666666666,0.0,0.0,0.0,0.22986666590441018,1.0,0.8333333333333334,-0.3333333333333333
ollama,mistral-nemo,controlled,context-aware,0.0,0.0,1.0,0.16666666666666666,0.16666666666666666,0.5,0.0,0.0,2.2226000000955537,1.0,0.8333333333333334,-0.3333333333333333
ollama,mistral-nemo,controlled,full,0.0,0.0,0.8333333333333334,0.0,0.3333333333333333,0.5,0.6,0.0,1.847516666506029,1.0,0.8333333333333334,-0.3333333333333333
